﻿[材質変更区分],[部位表示名称],[部位名称],[材質名称],[UVスケールX],[UVスケールY],[UV回転中心X],[UV回転中心Y],[UVアングル],[UVトランスレートX],[UVトランスレートY]
0,屋根仕上,BuiYANE_MAIN,BuiYANE_MAIN 2682464472624,1.21951,1.21951,0,0,0,0,0
0,破風,BuiYANE_HAFU,BuiYANE_HAFU 2682464480064,1,1,0,0,0,0,0
0,鼻隠,BuiYANE_HANA,BuiYANE_HANA 2682464481056,1,1,0,0,0,0,0
0,鼻隠2,BuiYANE_HAN2,BuiYANE_HAN2 2647998960128,,,,,,,
0,軒天井,BuiYANE_NURA,BuiYANE_NURA 2682464482048,1,1,0,0,0,0,0
0,竪樋,BuiTTOI_HONT,BuiTTOI_HONT 2647998927888,2,2,0,0,0,0,0
0,屋根辺「ケラバ」,BuiYANE_KERB,BuiYANE_KERB 2647999038000,1,1,0,0,0,0,0
0,屋根辺「片流れ屋根棟」,BuiYANE_KNYM,BuiYANE_KNYM 2647999063296,1,1,0,0,0,0,0
0,外壁,BuiGAIH_HONT,BuiGAIH_HONT 2682464688880,2.08333,1.53846,0,0,0,0,0
0,部分壁1,BuiBKAB_SIAG,BuiBKAB_SIAG 2682464661104,1,1,0,0,0,0,0
0,ｿｰﾗｰﾊﾟﾈﾙ,BuiSOLA_HONT,BuiSOLA_HONT 2647319577104,2,2,0,0,0,0,0
0,ｿｰﾗｰﾊﾟﾈﾙ枠,BuiSOLA_WAKU,BuiSOLA_WAKU 2647319578592,1,1,0,0,0,0,0
0,ソーラーパネル足,BuiSOLA_ASHI,BuiSOLA_ASHI 2647999025600,1,1,0,0,0,0,0
0,化粧ﾎﾞｰﾀﾞｰ,BuiBORD_HONT,BuiBORD_HONT 2682464709712,1,1,0,0,0,0,0
0,建具枠(内側),BuiTATE_WAKN,BuiTATE_WAKN 2682464694336,1.95313,1.95313,0,0,0,0,0
0,建具枠(外側),BuiTATE_GWAK,BuiTATE_GWAK 2647998976496,1,1,0,0,0,0,0
0,建具くり貫き部,BuiTATE_KURI,BuiTATE_KURI 2682464709216,5,5,0,0,0,0,0
0,浴室・洗面所額縁,BuiTATE_GKYK,BuiTATE_GKYK 2647999033040,1.95313,1.95313,0,0,0,0,0
0,窓ｻｯｼ(内側),BuiTATE_MADO,BuiTATE_MADO 2682464708224,1.95313,1.95313,0,0,0,0,0
0,外部ﾄﾞｱ(内側),BuiTATE_GDOR,BuiTATE_GDOR 2682464720624,1.95313,1.95313,0,0,0,0,0
0,外部ﾄﾞｱ(外側),BuiTATE_GDRS,BuiTATE_GDRS 2647998955168,1.95313,1.95313,0,0,0,0,0
0,室内ﾄﾞｱ,BuiTATE_SDOR,BuiTATE_SDOR 2682464698800,1.95313,1.95313,0,0,0,0,0
0,拡張素材面1,BuiTATE_EHN1,BuiTATE_EHN1 2647998937808,1.95313,1.95313,0,0,0,0,0
0,拡張素材面2,BuiTATE_EHN2,BuiTATE_EHN2 2647998945248,1.95313,1.95313,0,0,0,0,0
0,拡張素材面3,BuiTATE_EHN3,BuiTATE_EHN3 2647998945744,1.95313,1.95313,0,0,0,0,0
0,拡張素材面4,BuiTATE_EHN4,BuiTATE_EHN4 2647998946240,1,1,0,0,0,0,0
0,窓ｶﾞﾗｽ,BuiTATE_MGLS,BuiTATE_MGLS 2682464710704,,,,,,,
0,玄関ﾄﾞｱｶﾞﾗｽ,BuiTATE_GGLS,BuiTATE_GGLS 2682464697808,,,,,,,
0,室内ｶﾞﾗｽ,BuiTATE_SGLS,BuiTATE_SGLS 2682464702272,,,,,,,
0,拡張ガラス1,BuiTATE_EGL1,BuiTATE_EGL1 2647998957152,,,,,,,
0,モール,BuiTATE_MOLD,BuiTATE_MOLD 2647777252448,1,1,0,0,0,0,0
0,部屋床,BuiHEYA_YUKA,BuiHEYA_YUKA 2682464707232,0.550055,0.550055,0,0,0,0,0
0,部屋壁,BuiHEYA_KABE,BuiHEYA_KABE 2682464707728,6.66667,6.66667,0,0,0,0,0
0,部屋天井,BuiHEYA_TENJ,BuiHEYA_TENJ 2682464713680,6.66667,6.66667,0,0,0,0,0
0,幅木,BuiHEYA_HABA,BuiHEYA_HABA 2682464714672,1.95313,1.95313,0,0,0,0,0
0,廻縁,BuiHEYA_MAWA,BuiHEYA_MAWA 2682464695824,1.95313,1.95313,0,0,0,0,0
0,玄関床,BuiHEYA_GENY,BuiHEYA_GENY 2647998944256,1.05263,1.05263,0,0,0,0,0
0,和室壁,BuiHEYA_WASK,BuiHEYA_WASK 2647998924912,5,5,0,0,0,0,0
0,和室天井,BuiHEYA_WAST,BuiHEYA_WAST 2647998934336,1.11111,1.11111,0,0,0,0,0
0,浴室床,BuiHEYA_YOKY,BuiHEYA_YOKY 2647998932848,0.833333,0.833333,0,0,0,0,0
0,浴室壁,BuiHEYA_YOKK,BuiHEYA_YOKK 2647998942768,3.33333,3.33333,0,0,0,0,0
0,洗面床,BuiHEYA_SENY,BuiHEYA_SENY 2647998933344,1,1,0,0,0,0,0
0,洗面壁,BuiHEYA_SENK,BuiHEYA_SENK 2647998944752,,,,,,,
0,部分天井1,BuiBTEN_BTEN,BuiBTEN_BTEN 2647319579584,6.66667,6.66667,0,0,0,0,0
0,畳仕上,BuiTATA_HONT,BuiTATA_HONT 2647654001776,5,5,0,0,1.5708,0,0
0,畳縁,BuiTATA_HERI,BuiTATA_HERI 2647654011200,5.05051,5.05051,0,0,0,0,0
0,敷地,BuiSIKI_SIKI,BuiSIKI_SIKI 2682464734016,1,1,0,0,0,0,0
0,布基礎,BuiKISO_HONT,BuiKISO_HONT 2682464731536,0.5,0.5,0,0,0,0,0
0,家の裏側,BuiKISO_ILOW,BuiKISO_ILOW 2682464730544,,,,,,,
0,土台水切,BuiKISO_DMIZ,BuiKISO_DMIZ 2647998938304,2,2,0,0,0,0,0
0,ﾎﾟｰﾁ,BuiPOCH_HONT,BuiPOCH_HONT 2682464732528,3.33333,3.33333,0,0,0,0,0
