﻿[材質変更区分],[部位表示名称],[部位名称],[材質名称],[UVスケールX],[UVスケールY],[UV回転中心X],[UV回転中心Y],[UVアングル],[UVトランスレートX],[UVトランスレートY]
0,屋根仕上,BuiYANE_MAIN,BuiYANE_MAIN 2647654471504,1.21951,1.21951,0,0,0,0,0
0,破風,BuiYANE_HAFU,BuiYANE_HAFU 2647654474480,1,1,0,0,0,0,0
0,鼻隠,BuiYANE_HANA,BuiYANE_HANA 2647654404544,1,1,0,0,0,0,0
0,鼻隠2,BuiYANE_HAN2,BuiYANE_HAN2 2682437343664,,,,,,,
0,軒天井,BuiYANE_NURA,BuiYANE_NURA 2647654408512,1,1,0,0,0,0,0
0,竪樋,BuiTTOI_HONT,BuiTTOI_HONT 2682434667088,2,2,0,0,0,0,0
0,屋根辺「ケラバ」,BuiYANE_KERB,BuiYANE_KERB 2682437397728,1,1,0,0,0,0,0
0,屋根辺「片流れ屋根棟」,BuiYANE_KNYM,BuiYANE_KNYM 2682437392272,1,1,0,0,0,0,0
0,外壁,BuiGAIH_HONT,BuiGAIH_HONT 2682434699824,2.08333,1.53846,0,0,0,0,0
0,部分壁1,BuiBKAB_SIAG,BuiBKAB_SIAG 2682434683456,1,1,0,0,0,0,0
0,ｿｰﾗｰﾊﾟﾈﾙ,BuiSOLA_HONT,BuiSOLA_HONT 2682434875408,2,2,0,0,0,0,0
0,ｿｰﾗｰﾊﾟﾈﾙ枠,BuiSOLA_WAKU,BuiSOLA_WAKU 2682434872432,1,1,0,0,0,0,0
0,ソーラーパネル足,BuiSOLA_ASHI,BuiSOLA_ASHI 2682437366976,1,1,0,0,0,0,0
0,化粧ﾎﾞｰﾀﾞｰ,BuiBORD_HONT,BuiBORD_HONT 2682434675024,1,1,0,0,0,0,0
0,建具枠(内側),BuiTATE_WAKN,BuiTATE_WAKN 2682434689408,1.95313,1.95313,0,0,0,0,0
0,建具枠(外側),BuiTATE_GWAK,BuiTATE_GWAK 2682437333744,1,1,0,0,0,0,0
0,建具くり貫き部,BuiTATE_KURI,BuiTATE_KURI 2682434681472,5,5,0,0,0,0,0
0,浴室・洗面所額縁,BuiTATE_GKYK,BuiTATE_GKYK 2682437392768,1.95313,1.95313,0,0,0,0,0
0,窓ｻｯｼ(内側),BuiTATE_MADO,BuiTATE_MADO 2682434674528,1.95313,1.95313,0,0,0,0,0
0,外部ﾄﾞｱ(内側),BuiTATE_GDOR,BuiTATE_GDOR 2682434693872,1.95313,1.95313,0,0,0,0,0
0,外部ﾄﾞｱ(外側),BuiTATE_GDRS,BuiTATE_GDRS 2682437329280,1.95313,1.95313,0,0,0,0,0
0,室内ﾄﾞｱ,BuiTATE_SDOR,BuiTATE_SDOR 2682434694368,1.95313,1.95313,0,0,0,0,0
0,拡張素材面1,BuiTATE_EHN1,BuiTATE_EHN1 2682434662624,1.95313,1.95313,0,0,0,0,0
0,拡張素材面2,BuiTATE_EHN2,BuiTATE_EHN2 2682434656176,1.95313,1.95313,0,0,0,0,0
0,拡張素材面3,BuiTATE_EHN3,BuiTATE_EHN3 2682434668576,1.95313,1.95313,0,0,0,0,0
0,拡張素材面4,BuiTATE_EHN4,BuiTATE_EHN4 2682434655680,1,1,0,0,0,0,0
0,窓ｶﾞﾗｽ,BuiTATE_MGLS,BuiTATE_MGLS 2682434682960,,,,,,,
0,玄関ﾄﾞｱｶﾞﾗｽ,BuiTATE_GGLS,BuiTATE_GGLS 2682434675520,,,,,,,
0,室内ｶﾞﾗｽ,BuiTATE_SGLS,BuiTATE_SGLS 2682434696352,,,,,,,
0,拡張ガラス1,BuiTATE_EGL1,BuiTATE_EGL1 2682434654192,,,,,,,
0,モール,BuiTATE_MOLD,BuiTATE_MOLD 2682434864496,1,1,0,0,0,0,0
0,部屋床,BuiHEYA_YUKA,BuiHEYA_YUKA 2682434706768,0.550055,0.550055,0,0,0,0,0
0,部屋壁,BuiHEYA_KABE,BuiHEYA_KABE 2682434710736,6.66667,6.66667,0,0,0,0,0
0,部屋天井,BuiHEYA_TENJ,BuiHEYA_TENJ 2682434731072,6.66667,6.66667,0,0,0,0,0
0,幅木,BuiHEYA_HABA,BuiHEYA_HABA 2682434707760,1.95313,1.95313,0,0,0,0,0
0,廻縁,BuiHEYA_MAWA,BuiHEYA_MAWA 2682434723632,1.95313,1.95313,0,0,0,0,0
0,玄関床,BuiHEYA_GENY,BuiHEYA_GENY 2682434652704,1.05263,1.05263,0,0,0,0,0
0,和室壁,BuiHEYA_WASK,BuiHEYA_WASK 2682434667584,5,5,0,0,0,0,0
0,和室天井,BuiHEYA_WAST,BuiHEYA_WAST 2682434661136,1.11111,1.11111,0,0,0,0,0
0,浴室床,BuiHEYA_YOKY,BuiHEYA_YOKY 2682434658656,0.833333,0.833333,0,0,0,0,0
0,浴室壁,BuiHEYA_YOKK,BuiHEYA_YOKK 2682434666592,3.33333,3.33333,0,0,0,0,0
0,洗面床,BuiHEYA_SENY,BuiHEYA_SENY 2682434645760,1,1,0,0,0,0,0
0,洗面壁,BuiHEYA_SENK,BuiHEYA_SENK 2682434640304,,,,,,,
0,部分天井1,BuiBTEN_BTEN,BuiBTEN_BTEN 2682434875904,6.66667,6.66667,0,0,0,0,0
0,畳仕上,BuiTATA_HONT,BuiTATA_HONT 2682434714208,5,5,0,0,1.5708,0,0
0,畳縁,BuiTATA_HERI,BuiTATA_HERI 2682434714704,5.05051,5.05051,0,0,0,0,0
0,敷地,BuiSIKI_SIKI,BuiSIKI_SIKI 2682434718672,1,1,0,0,0,0,0
0,布基礎,BuiKISO_HONT,BuiKISO_HONT 2682434703296,0.5,0.5,0,0,0,0,0
0,家の裏側,BuiKISO_ILOW,BuiKISO_ILOW 2682434713712,,,,,,,
0,土台水切,BuiKISO_DMIZ,BuiKISO_DMIZ 2682434888800,2,2,0,0,0,0,0
0,ﾎﾟｰﾁ,BuiPOCH_HONT,BuiPOCH_HONT 2682434725616,3.33333,3.33333,0,0,0,0,0
