﻿[材質変更区分],[部位表示名称],[部位名称],[材質名称],[UVスケールX],[UVスケールY],[UV回転中心X],[UV回転中心Y],[UVアングル],[UVトランスレートX],[UVトランスレートY]
0,屋根仕上,BuiYANE_MAIN,BuiYANE_MAIN 2389976680528,0.724638,0.724638,0,0,0,0,0
0,破風,BuiYANE_HAFU,BuiYANE_HAFU 2389976667136,1,1,0,0,0,0,0
0,鼻隠,BuiYANE_HANA,BuiYANE_HANA 2389976681024,1,1,0,0,0,0,0
0,鼻隠2,BuiYANE_HAN2,BuiYANE_HAN2 2389984113728,,,,,,,
0,軒天井,BuiYANE_NURA,BuiYANE_NURA 2389976682016,1,1,0,0,0,0,0
0,棟押え,BuiYANE_MOSA,BuiYANE_MOSA 2389976682512,1,1,0,0,0,0,0
0,屋根辺「軒先」,BuiYANE_NOKI,BuiYANE_NOKI 2389978503904,1,1,0,0,0,0,0
0,屋根辺「ケラバ」,BuiYANE_KERB,BuiYANE_KERB 2389978484064,1,1,0,0,0,0,0
0,外壁,BuiGAIH_HONT,BuiGAIH_HONT 2389976711280,2.08333,1.53846,0,0,0,0,0
0,建具枠(内側),BuiTATE_WAKN,BuiTATE_WAKN 2389976722688,1.95313,1.95313,0,0,0,0,0
0,建具くり貫き部,BuiTATE_KURI,BuiTATE_KURI 2389976707312,5,5,0,0,0,0,0
0,窓ｶﾞﾗｽ,BuiTATE_MGLS,BuiTATE_MGLS 2389976709792,,,,,,,
0,部屋壁,BuiHEYA_KABE,BuiHEYA_KABE 2389982769344,6.66667,6.66667,0,0,0,0,0
0,部屋天井,BuiHEYA_TENJ,BuiHEYA_TENJ 2389982768848,6.66667,6.66667,0,0,0,0,0
0,部分天井1,BuiBTEN_BTEN,BuiBTEN_BTEN 2389829542336,6.66667,6.66667,0,0,0,0,0
0,布基礎,BuiKISO_HONT,BuiKISO_HONT 2389982757936,0.5,0.5,0,0,0,0,0
0,家の裏側,BuiKISO_ILOW,BuiKISO_ILOW 2389982763888,,,,,,,
0,土台水切,BuiKISO_DMIZ,BuiKISO_DMIZ 2389829522992,2,2,0,0,0,0,0
