﻿[材質変更区分],[部位表示名称],[部位名称],[材質名称],[UVスケールX],[UVスケールY],[UV回転中心X],[UV回転中心Y],[UVアングル],[UVトランスレートX],[UVトランスレートY]
0,屋根仕上,BuiYANE_MAIN,BuiYANE_MAIN 1828818655008,1.21951,1.21951,0,0,0,0,0
0,破風,BuiYANE_HAFU,BuiYANE_HAFU 1828818656000,1,1,0,0,0,0,0
0,鼻隠,BuiYANE_HANA,BuiYANE_HANA 1828818656496,1,1,0,0,0,0,0
0,鼻隠2,BuiYANE_HAN2,BuiYANE_HAN2 1830192590208,,,,,,,
0,軒天井,BuiYANE_NURA,BuiYANE_NURA 1828818643600,1,1,0,0,0,0,0
0,竪樋,BuiTTOI_HONT,BuiTTOI_HONT 1830192572352,1,1,0,0,0,0,0
0,内壁仕上,BuiPPET_NAIB,BuiPPET_NAIB 1830192547552,1,1,0,0,0,0,0
0,木口仕上,BuiPPET_KOGU,BuiPPET_KOGU 1830192518288,1,1,0,0,0,0,0
0,外壁,BuiGAIH_HONT,BuiGAIH_HONT 1828818644592,2.08333,1.53846,0,0,0,0,0
0,下がり壁蓋,BuiKABE_FUTA,BuiKABE_FUTA 1828818664928,6.66667,6.66667,0,0,0,0,0
0,下部見切,BuiKABE_MIKI,BuiKABE_MIKI 1830192555488,1,1,0,0,0,0,0
0,部分壁2,BuiBKAB_SIA1,BuiBKAB_SIA1 1830192566896,1,1,0,0,0,0,0
0,外天井,BuiSTEN_HONT,BuiSTEN_HONT 1828818657488,1,1,0,0,0,0,0
0,化粧ﾎﾞｰﾀﾞｰ,BuiBORD_HONT,BuiBORD_HONT 1828818658480,1,1,0,0,0,0,0
0,建具枠(外側),BuiTATE_GWAK,BuiTATE_GWAK 1830192588224,1,1,0,0,0,0,0
0,和額縁,BuiTATE_GKWA,BuiTATE_GKWA 1830192418096,1.95313,1.95313,0,0,0,0,0
0,浴室・洗面所額縁,BuiTATE_GKYK,BuiTATE_GKYK 1830192391808,1.95313,1.95313,0,0,0,0,0
0,窓ｻｯｼ(内側),BuiTATE_MADO,BuiTATE_MADO 1828818682288,1.95313,1.95313,0,0,0,0,0
0,外部ﾄﾞｱ(内側),BuiTATE_GDOR,BuiTATE_GDOR 1828818684768,1.95313,1.95313,0,0,0,0,0
0,外部ﾄﾞｱ(外側),BuiTATE_GDRS,BuiTATE_GDRS 1830192592192,1.95313,1.95313,0,0,0,0,0
0,室内ﾄﾞｱ,BuiTATE_SDOR,BuiTATE_SDOR 1828818675344,1.95313,1.95313,0,0,0,0,0
0,拡張素材面1,BuiTATE_EHN1,BuiTATE_EHN1 1830192550032,1.95313,1.95313,0,0,0,0,0
0,拡張素材面3,BuiTATE_EHN3,BuiTATE_EHN3 1830192556976,1.95313,1.95313,0,0,0,0,0
0,窓ｶﾞﾗｽ,BuiTATE_MGLS,BuiTATE_MGLS 1828818681296,,,,,,,
0,玄関ﾄﾞｱｶﾞﾗｽ,BuiTATE_GGLS,BuiTATE_GGLS 1828818676832,,,,,,,
0,室内ｶﾞﾗｽ,BuiTATE_SGLS,BuiTATE_SGLS 1828818430816,,,,,,,
0,拡張ガラス1,BuiTATE_EGL1,BuiTATE_EGL1 1830192574336,,,,,,,
0,部屋床,BuiHEYA_YUKA,BuiHEYA_YUKA 1828818424864,0.550055,0.550055,0,0,0,0,0
0,部屋壁,BuiHEYA_KABE,BuiHEYA_KABE 1828818441728,6.66667,6.66667,0,0,0,0,0
0,部屋天井,BuiHEYA_TENJ,BuiHEYA_TENJ 1828818438256,6.66667,6.66667,0,0,0,0,0
0,幅木,BuiHEYA_HABA,BuiHEYA_HABA 1828818419904,1.95313,1.95313,0,0,0,0,0
0,廻縁,BuiHEYA_MAWA,BuiHEYA_MAWA 1828818432304,1.95313,1.95313,0,0,0,0,0
0,玄関床,BuiHEYA_GENY,BuiHEYA_GENY 1830192564912,1.05263,1.05263,0,0,0,0,0
0,和室壁,BuiHEYA_WASK,BuiHEYA_WASK 1830192575328,5,5,0,0,0,0,0
0,和室天井,BuiHEYA_WAST,BuiHEYA_WAST 1830192573344,1.11111,1.11111,0,0,0,0,0
0,浴室床,BuiHEYA_YOKY,BuiHEYA_YOKY 1830192579792,0.833333,0.833333,0,0,0,0,0
0,浴室壁,BuiHEYA_YOKK,BuiHEYA_YOKK 1830192549040,3.33333,3.33333,0,0,0,0,0
0,洗面床,BuiHEYA_SENY,BuiHEYA_SENY 1830192554496,1,1,0,0,0,0,0
0,洗面壁,BuiHEYA_SENK,BuiHEYA_SENK 1830192549536,,,,,,,
0,蹴込み,BuiBYUK_KEKO,BuiBYUK_KEKO 1830192540112,8.62069,3.78788,0,0,1.5708,0,0
0,床面1,BuiBYUK_YUKA,BuiBYUK_YUKA 1830192543088,8.62069,3.78788,0,0,1.5708,0,0
0,部分天井1,BuiBTEN_BTEN,BuiBTEN_BTEN 1830192518784,6.66667,6.66667,0,0,0,0,0
0,天井立上部,BuiBTEN_TATI,BuiBTEN_TATI 1830192540608,6.66667,6.66667,0,0,0,0,0
0,室内階段,BuiKAID_HONT,BuiKAID_HONT 1828818440240,1.95313,1.95313,0,0,0,0,0
0,蹴込み板,BuiKAID_KEKO,BuiKAID_KEKO 1830192569872,1.95313,1.95313,0,0,0,0,0
0,手摺,BuiKAID_TESR,BuiKAID_TESR 1830192561440,1.95313,1.95313,0,0,0,0,0
0,ジョイント,BuiKAID_JOIN,BuiKAID_JOIN 1830192571856,20,20,0,0,0,0,0
0,側板,BuiKAID_GAWA,BuiKAID_GAWA 1830190202192,1.95313,1.95313,0,0,0,0,0
0,畳仕上,BuiTATA_HONT,BuiTATA_HONT 1828818444704,5,5,0,0,1.5708,0,0
0,畳縁,BuiTATA_HERI,BuiTATA_HERI 1828818445200,5.05051,5.05051,0,0,0,0,0
0,敷地,BuiSIKI_SIKI,BuiSIKI_SIKI 1828818423376,1,1,0,0,0,0,0
0,布基礎,BuiKISO_HONT,BuiKISO_HONT 1828818432800,0.5,0.5,0,0,0,0,0
0,家の裏側,BuiKISO_ILOW,BuiKISO_ILOW 1828818437760,,,,,,,
0,土台水切,BuiKISO_DMIZ,BuiKISO_DMIZ 1830192534656,2,2,0,0,0,0,0
0,塀,BuiFENC_HEIS,BuiFENC_HEIS 1828818449664,1,1,0,0,0,0,0
0,ﾌｪﾝｽ,BuiFENC_HANR,BuiFENC_HANR 1828818450160,2,2,0,0,0,0,0
0,ﾎﾟｰﾁ,BuiPOCH_HONT,BuiPOCH_HONT 1828818428832,3.33333,3.33333,0,0,0,0,0
0,道路,BuiKEIS_DORO,BuiKEIS_DORO 1828818426848,2,2,0,0,0,0,0
0,駐車床ｽﾗﾌﾞ,BuiPARK_YUKA,BuiPARK_YUKA 1828774684144,0.5,0.5,0,0,0,0,0
0,塀ﾀｲﾌﾟ5 側面 ,BuiFENC_HEI5,BuiFENC_HEI5 1830192616000,1,1,0,0,0,0,0
0,ﾌｪﾝｽﾀｲﾌﾟ5 ﾊﾝﾄﾞﾚｰﾙ ,BuiFENC_HAN5,BuiFENC_HAN5 1830192613520,,,,,,,
0,化粧領域の上面,BuiKESA_UMEN,BuiKESA_UMEN 1830192407680,6.66667,6.66667,0,0,0,0,0
0,化粧領域の下面,BuiKESA_SMEN,BuiKESA_SMEN 1830192402224,6.66667,6.66667,0,0,0,0,0
0,化粧領域の側面,BuiKESA_SIDE,BuiKESA_SIDE 1830192395776,6.66667,6.66667,0,0,0,0,0
0,畳框本体,BuiTKMC_HONT,BuiTKMC_HONT 1830192399744,1.95313,1.95313,0,0,0,0,0
