﻿[グループ名],[スタイル名]
ｺｰﾃﾞｨﾈｰﾄ,0405
インテリアスタイル,DW
インテリアスタイル,MW
インテリアスタイル,LW
インテリアスタイル,EW
インテリアスタイル,WW
インテリアスタイル,DW×WW
インテリアスタイル,MW×WW
インテリアスタイル,LW×WW
インテリアスタイル,EW×WW
インテリアスタイル,MW×EW
インテリアスタイル,EW×DW
インテリアスタイル,WW×DW
ｺｰﾃﾞｨﾈｰﾄ,屋根
ｺｰﾃﾞｨﾈｰﾄ,家具のみ入替
外装,ステンカラー
外装,ブラウン
